user_id,task_type,session_start,session_end,duration,time_of_day,energy_level,focus_level,distraction_count,distraction_duration,completed
U039,admin,2025-02-14 19:03,2025-02-14 19:51,48,night,3,1,9,9,0
U029,admin,2025-01-18 11:24,2025-01-18 12:11,47,morning,5,3,7,21,1
U015,deep_work,2025-02-17 12:52,2025-02-17 13:22,30,afternoon,3,3,5,15,1
U043,admin,2025-04-20 07:14,2025-04-20 07:52,38,morning,3,2,10,39,0
U008,deep_work,2025-02-18 12:23,2025-02-18 13:15,52,afternoon,5,4,2,3,1
U021,admin,2025-03-09 10:58,2025-03-09 11:33,35,morning,3,1,10,43,0
U039,deep_work,2025-02-06 11:36,2025-02-06 13:02,86,morning,4,4,7,44,1
U019,deep_work,2025-02-12 15:05,2025-02-12 16:59,114,afternoon,4,3,4,16,0
U023,admin,2025-02-08 20:12,2025-02-08 20:51,39,night,3,2,9,32,1
U011,deep_work,2025-04-08 12:06,2025-04-08 13:42,96,afternoon,2,3,7,10,0
U011,deep_work,2025-02-21 10:58,2025-02-21 12:47,109,morning,5,3,1,2,1
U024,deep_work,2025-03-13 21:28,2025-03-13 23:28,120,night,2,3,1,3,0
U036,deep_work,2025-03-04 11:50,2025-03-04 13:16,86,morning,5,4,0,0,1
U040,creative,2025-04-19 19:42,2025-04-19 20:43,61,night,3,2,5,13,0
U024,deep_work,2025-04-08 07:25,2025-04-08 08:55,90,morning,5,3,4,20,1
U003,admin,2025-02-10 12:57,2025-02-10 13:28,31,afternoon,2,1,11,47,0
U022,admin,2025-01-03 17:04,2025-01-03 17:32,28,afternoon,4,3,9,60,0
U002,admin,2025-01-05 17:46,2025-01-05 17:56,10,afternoon,4,1,6,12,0
U024,deep_work,2025-03-28 07:08,2025-03-28 08:11,63,morning,4,4,4,14,1
U044,deep_work,2025-04-09 10:57,2025-04-09 11:42,45,morning,3,3,3,4,0
U030,creative,2025-04-23 22:58,2025-04-24 00:23,85,night,4,3,2,0,0
U038,creative,2025-04-16 09:49,2025-04-16 10:52,63,morning,4,3,8,36,0
U002,creative,2025-03-23 18:23,2025-03-23 19:20,57,night,1,1,7,29,0
U021,deep_work,2025-01-03 14:37,2025-01-03 15:49,72,afternoon,2,2,9,19,0
U033,deep_work,2025-01-13 11:46,2025-01-13 13:16,90,morning,3,3,4,14,1
U012,deep_work,2025-03-30 12:03,2025-03-30 13:11,68,afternoon,5,3,6,15,1
U022,admin,2025-01-14 16:33,2025-01-14 17:15,42,afternoon,5,3,7,19,0
U044,deep_work,2025-01-11 12:55,2025-01-11 14:31,96,afternoon,5,5,0,0,0
U025,creative,2025-03-08 20:27,2025-03-08 21:09,42,night,3,1,5,15,0
U049,deep_work,2025-01-29 07:02,2025-01-29 08:09,67,morning,5,4,2,4,1
U027,creative,2025-01-25 13:11,2025-01-25 14:30,79,afternoon,2,2,1,2,1
U042,admin,2025-02-11 18:14,2025-02-11 18:53,39,night,3,2,3,7,0
U028,creative,2025-02-09 12:04,2025-02-09 12:48,44,afternoon,4,3,5,20,1
U016,deep_work,2025-01-11 09:33,2025-01-11 10:53,80,morning,3,3,5,0,0
U015,admin,2025-03-29 15:14,2025-03-29 15:38,24,afternoon,3,2,7,22,0
U047,admin,2025-02-07 14:04,2025-02-07 14:42,38,afternoon,5,4,0,0,0
U044,deep_work,2025-02-17 08:17,2025-02-17 10:07,110,morning,4,4,4,7,0
U003,deep_work,2025-03-11 11:59,2025-03-11 13:28,89,morning,5,4,3,5,1
U037,creative,2025-02-17 11:27,2025-02-17 13:14,107,morning,2,2,5,13,0
U007,admin,2025-03-10 16:16,2025-03-10 17:02,46,afternoon,5,4,4,13,1
U021,deep_work,2025-04-24 11:31,2025-04-24 13:06,95,morning,4,3,6,19,1
U009,deep_work,2025-03-03 11:50,2025-03-03 12:57,67,morning,3,2,10,19,0
U039,admin,2025-02-27 09:55,2025-02-27 10:31,36,morning,4,3,6,27,1
U018,admin,2025-02-09 08:39,2025-02-09 09:07,28,morning,2,1,11,23,0
U004,deep_work,2025-04-01 11:44,2025-04-01 12:19,35,morning,5,4,5,11,1
U025,deep_work,2025-02-02 17:23,2025-02-02 19:17,114,afternoon,3,3,2,7,0
U014,deep_work,2025-01-19 15:32,2025-01-19 16:49,77,afternoon,2,1,8,31,0
U050,admin,2025-02-28 09:47,2025-02-28 10:15,28,morning,4,2,4,10,0
U009,admin,2025-02-10 22:42,2025-02-10 23:25,43,night,4,2,6,0,0
U026,deep_work,2025-02-14 12:52,2025-02-14 14:34,102,afternoon,3,3,9,19,0
U002,creative,2025-02-11 15:26,2025-02-11 16:19,53,afternoon,2,1,8,29,0
U020,admin,2025-02-07 21:06,2025-02-07 21:45,39,night,3,3,8,36,0
U028,deep_work,2025-01-05 20:44,2025-01-05 22:32,108,night,2,2,8,27,0
U047,deep_work,2025-02-27 07:50,2025-02-27 09:10,80,morning,2,3,7,19,0
U007,deep_work,2025-01-31 08:09,2025-01-31 09:46,97,morning,5,4,3,20,1
U044,creative,2025-02-01 20:52,2025-02-01 21:18,26,night,3,2,5,14,0
U008,admin,2025-01-30 13:35,2025-01-30 13:56,21,afternoon,3,2,8,35,0
U047,admin,2025-01-02 11:28,2025-01-02 12:17,49,morning,3,2,8,11,0
U035,admin,2025-01-12 13:31,2025-01-12 13:51,20,afternoon,5,4,1,1,1
U014,admin,2025-01-13 17:26,2025-01-13 18:09,43,afternoon,5,1,9,40,1
U017,admin,2025-04-23 12:16,2025-04-23 12:53,37,afternoon,4,4,3,15,1
U036,deep_work,2025-04-14 13:59,2025-04-14 15:19,80,afternoon,2,3,2,5,0
U050,admin,2025-03-05 16:34,2025-03-05 17:01,27,afternoon,3,2,4,2,1
U040,deep_work,2025-04-22 09:29,2025-04-22 11:21,112,morning,4,3,5,16,1
U004,deep_work,2025-03-12 08:40,2025-03-12 10:53,133,morning,2,2,7,26,0
U002,deep_work,2025-04-06 13:27,2025-04-06 15:04,97,afternoon,4,4,6,21,1
U006,deep_work,2025-03-01 22:28,2025-03-02 00:06,98,night,3,3,4,10,0
U042,deep_work,2025-01-22 10:19,2025-01-22 11:31,72,morning,5,4,4,13,0
U004,deep_work,2025-04-06 10:49,2025-04-06 11:49,60,morning,5,5,0,0,0
U029,creative,2025-03-09 20:16,2025-03-09 21:15,59,night,3,2,2,4,0
U018,deep_work,2025-01-12 07:09,2025-01-12 08:14,65,morning,5,3,5,9,0
U026,deep_work,2025-04-28 12:21,2025-04-28 13:06,45,afternoon,5,5,1,4,1
U044,creative,2025-03-31 20:17,2025-03-31 21:33,76,night,3,3,3,10,0
U034,creative,2025-02-19 17:46,2025-02-19 19:03,77,afternoon,4,4,1,3,0
U010,deep_work,2025-01-29 10:35,2025-01-29 11:43,68,morning,2,2,11,30,0
U036,admin,2025-04-09 15:11,2025-04-09 15:54,43,afternoon,2,1,5,16,0
U014,admin,2025-01-07 16:10,2025-01-07 17:05,55,afternoon,2,1,2,7,1
U031,deep_work,2025-02-02 09:10,2025-02-02 10:45,95,morning,3,2,8,48,0
U048,creative,2025-02-27 13:33,2025-02-27 14:09,36,afternoon,2,2,5,22,1
U015,creative,2025-02-15 13:28,2025-02-15 14:23,55,afternoon,3,2,6,15,0
U008,deep_work,2025-01-04 07:34,2025-01-04 09:37,123,morning,3,2,4,10,1
U014,deep_work,2025-01-13 07:38,2025-01-13 09:14,96,morning,5,4,2,4,1
U023,creative,2025-01-15 16:28,2025-01-15 17:38,70,afternoon,3,2,9,28,0
U040,admin,2025-03-16 15:31,2025-03-16 16:16,45,afternoon,1,1,6,13,1
U021,admin,2025-01-02 17:19,2025-01-02 17:46,27,afternoon,3,2,7,29,0
U016,admin,2025-01-22 14:26,2025-01-22 14:56,30,afternoon,3,1,7,0,0
U045,admin,2025-03-08 12:43,2025-03-08 13:28,45,afternoon,2,2,5,21,0
U018,creative,2025-02-25 10:28,2025-02-25 11:44,76,morning,4,2,5,19,0
U047,creative,2025-01-21 22:58,2025-01-22 00:19,81,night,2,1,5,26,0
U024,creative,2025-03-25 17:18,2025-03-25 18:00,42,afternoon,4,3,3,14,0
U026,admin,2025-02-26 16:02,2025-02-26 16:48,46,afternoon,5,3,2,4,1
U025,creative,2025-01-01 13:59,2025-01-01 15:22,83,afternoon,1,1,7,32,0
U045,admin,2025-02-07 19:34,2025-02-07 19:59,25,night,2,1,10,32,0
U041,admin,2025-03-05 12:24,2025-03-05 13:26,62,afternoon,3,1,10,5,0
U029,deep_work,2025-01-24 15:17,2025-01-24 17:27,130,afternoon,3,3,3,11,1
U015,creative,2025-01-15 21:15,2025-01-15 23:07,112,night,4,3,6,15,1
U045,creative,2025-01-27 10:45,2025-01-27 11:49,64,morning,4,2,7,24,0
U001,admin,2025-03-30 07:28,2025-03-30 08:11,43,morning,5,3,2,11,0
U025,creative,2025-02-22 20:45,2025-02-22 22:01,76,night,3,2,6,23,0
U007,admin,2025-02-19 15:06,2025-02-19 15:57,51,afternoon,2,1,5,9,1
U009,deep_work,2025-01-03 16:43,2025-01-03 18:41,118,afternoon,2,2,7,34,0
U024,deep_work,2025-02-22 10:57,2025-02-22 12:46,109,morning,4,3,4,16,1
U001,deep_work,2025-01-03 10:45,2025-01-03 12:12,87,morning,4,4,2,3,1
U044,deep_work,2025-01-15 07:29,2025-01-15 09:29,120,morning,5,3,3,3,1
U008,deep_work,2025-03-19 07:43,2025-03-19 08:46,63,morning,4,4,1,2,1
U024,admin,2025-03-25 15:08,2025-03-25 15:48,40,afternoon,2,2,2,9,0
U011,deep_work,2025-02-07 07:59,2025-02-07 10:08,129,morning,3,4,3,9,1
U017,admin,2025-03-04 17:53,2025-03-04 18:14,21,afternoon,4,1,11,39,0
U008,deep_work,2025-04-27 11:01,2025-04-27 12:14,73,morning,4,3,4,5,1
U035,admin,2025-03-29 14:12,2025-03-29 15:02,50,afternoon,4,1,9,43,0
U035,deep_work,2025-03-22 16:17,2025-03-22 17:56,99,afternoon,2,1,6,2,0
U033,deep_work,2025-04-04 08:45,2025-04-04 09:53,68,morning,3,3,3,7,1
U005,admin,2025-04-21 17:31,2025-04-21 18:04,33,afternoon,3,2,2,8,1
U042,admin,2025-01-11 16:24,2025-01-11 16:46,22,afternoon,5,3,3,5,1
U039,deep_work,2025-02-02 15:37,2025-02-02 17:31,114,afternoon,3,3,8,35,0
U041,creative,2025-02-10 14:21,2025-02-10 15:15,54,afternoon,4,4,3,6,0
U028,deep_work,2025-02-20 12:16,2025-02-20 14:30,134,afternoon,4,3,3,4,0
U007,admin,2025-03-17 18:45,2025-03-17 19:26,41,night,3,4,3,16,1
U009,creative,2025-02-01 17:21,2025-02-01 18:16,55,afternoon,5,4,3,11,0
U008,admin,2025-04-02 10:32,2025-04-02 11:07,35,morning,5,4,3,12,0
U012,admin,2025-03-15 13:59,2025-03-15 14:35,36,afternoon,3,1,4,20,0
U034,admin,2025-04-07 08:32,2025-04-07 09:13,41,morning,2,2,4,0,0
U033,admin,2025-02-02 12:12,2025-02-02 13:29,77,afternoon,3,2,2,8,0
U048,admin,2025-01-30 18:12,2025-01-30 18:46,34,night,3,1,8,18,0
U023,deep_work,2025-04-26 08:21,2025-04-26 09:43,82,morning,3,3,4,10,0
U024,deep_work,2025-04-13 08:37,2025-04-13 10:08,91,morning,5,4,2,8,1
U037,admin,2025-04-13 08:45,2025-04-13 09:41,56,morning,4,3,10,29,0
U035,creative,2025-04-24 19:41,2025-04-24 20:12,31,night,3,3,3,13,1
U044,admin,2025-04-29 15:48,2025-04-29 16:34,46,afternoon,3,1,13,44,1
U040,deep_work,2025-04-14 09:02,2025-04-14 10:11,69,morning,3,3,5,18,1
U022,admin,2025-01-06 18:05,2025-01-06 18:53,48,night,1,1,5,13,0
U027,admin,2025-03-14 12:49,2025-03-14 13:21,32,afternoon,3,3,4,7,0
U035,deep_work,2025-03-17 08:27,2025-03-17 08:59,32,morning,5,4,5,11,1
U001,deep_work,2025-03-03 15:46,2025-03-03 17:25,99,afternoon,2,2,3,10,0
U035,admin,2025-01-07 14:19,2025-01-07 15:04,45,afternoon,1,1,10,60,0
U037,admin,2025-03-21 15:05,2025-03-21 15:36,31,afternoon,5,3,5,28,1
U047,deep_work,2025-02-27 08:02,2025-02-27 09:16,74,morning,4,3,4,10,1
U014,deep_work,2025-02-10 10:41,2025-02-10 11:38,57,morning,4,3,3,10,0
U003,deep_work,2025-01-14 09:17,2025-01-14 11:06,109,morning,5,3,6,18,0
U001,deep_work,2025-04-28 15:22,2025-04-28 17:14,112,afternoon,2,2,8,29,0
U005,creative,2025-01-12 22:24,2025-01-12 23:06,42,night,2,2,8,31,0
U026,creative,2025-02-14 09:57,2025-02-14 10:46,49,morning,5,3,4,17,1
U014,deep_work,2025-01-19 10:44,2025-01-19 12:12,88,morning,5,5,4,0,1
U039,creative,2025-01-08 11:54,2025-01-08 13:39,105,morning,3,2,4,16,0
U027,admin,2025-02-22 09:43,2025-02-22 10:31,48,morning,5,2,6,17,0
U009,admin,2025-03-23 17:17,2025-03-23 17:42,25,afternoon,4,3,6,14,1
U015,admin,2025-03-24 17:36,2025-03-24 18:20,44,afternoon,3,1,15,60,0
U015,deep_work,2025-04-06 07:58,2025-04-06 08:53,55,morning,4,3,4,22,0
U026,deep_work,2025-01-03 10:09,2025-01-03 11:56,107,morning,3,3,1,4,1
U042,admin,2025-04-25 14:28,2025-04-25 15:33,65,afternoon,4,2,5,13,0
U013,admin,2025-02-23 12:06,2025-02-23 13:11,65,afternoon,2,1,1,1,0
U032,deep_work,2025-03-17 12:29,2025-03-17 14:17,108,afternoon,2,2,7,0,0
U039,creative,2025-03-26 08:23,2025-03-26 09:11,48,morning,5,4,1,3,0
U049,creative,2025-01-20 22:03,2025-01-20 22:36,33,night,3,3,4,17,0
U032,deep_work,2025-04-02 15:19,2025-04-02 16:13,54,afternoon,3,3,2,6,0
U004,creative,2025-03-01 08:48,2025-03-01 09:08,20,morning,5,3,3,14,1
U030,creative,2025-02-20 12:35,2025-02-20 13:48,73,afternoon,5,4,1,1,1
U037,creative,2025-04-27 19:35,2025-04-27 20:32,57,night,4,4,1,3,1
U023,deep_work,2025-03-07 19:35,2025-03-07 21:27,112,night,2,2,5,15,0
U039,admin,2025-01-06 13:50,2025-01-06 14:51,61,afternoon,4,2,9,30,0
U045,admin,2025-04-25 13:53,2025-04-25 14:34,41,afternoon,3,2,7,36,0
U015,admin,2025-01-12 20:44,2025-01-12 21:26,42,night,4,2,8,26,0
U043,creative,2025-01-18 16:14,2025-01-18 17:04,50,afternoon,3,1,6,18,0
U029,admin,2025-04-07 09:25,2025-04-07 09:59,34,morning,3,2,4,8,0
U036,creative,2025-01-08 21:47,2025-01-08 23:01,74,night,2,1,7,38,0
U013,creative,2025-04-04 08:43,2025-04-04 09:39,56,morning,4,3,4,5,0
U032,creative,2025-01-14 17:01,2025-01-14 17:54,53,afternoon,4,2,4,10,0
U007,admin,2025-04-29 11:04,2025-04-29 11:43,39,morning,4,2,4,24,0
U022,deep_work,2025-02-07 11:40,2025-02-07 13:32,112,morning,4,4,1,4,1
U028,deep_work,2025-03-03 10:46,2025-03-03 11:58,72,morning,4,5,3,10,1
U002,creative,2025-01-14 18:19,2025-01-14 19:17,58,night,2,2,4,14,0
U042,deep_work,2025-01-02 07:58,2025-01-02 09:34,96,morning,3,3,4,8,1
U045,admin,2025-03-30 07:27,2025-03-30 08:24,57,morning,3,3,6,20,0
U006,deep_work,2025-03-07 09:36,2025-03-07 11:00,84,morning,5,4,0,0,0
U028,admin,2025-01-05 12:39,2025-01-05 13:08,29,afternoon,4,3,5,14,0
U028,creative,2025-03-17 21:44,2025-03-17 22:34,50,night,1,1,15,56,0
U044,creative,2025-01-23 14:09,2025-01-23 15:30,81,afternoon,4,3,3,3,0
U044,deep_work,2025-03-08 08:28,2025-03-08 10:48,140,morning,5,4,2,8,1
U020,creative,2025-01-10 21:29,2025-01-10 22:02,33,night,2,1,6,30,0
U030,admin,2025-04-15 12:04,2025-04-15 12:27,23,afternoon,4,4,1,3,0
U011,deep_work,2025-01-20 09:11,2025-01-20 10:36,85,morning,3,3,5,22,0
U028,admin,2025-01-01 07:53,2025-01-01 08:34,41,morning,4,2,4,15,0
U025,admin,2025-03-25 15:56,2025-03-25 16:47,51,afternoon,2,2,8,20,0
U039,deep_work,2025-04-17 11:46,2025-04-17 12:53,67,morning,4,4,7,13,1
U033,admin,2025-04-11 15:36,2025-04-11 16:00,24,afternoon,4,3,5,10,0
U001,deep_work,2025-02-18 12:55,2025-02-18 14:28,93,afternoon,4,2,6,23,0
U027,deep_work,2025-02-13 10:46,2025-02-13 12:09,83,morning,4,4,2,6,0
U013,admin,2025-03-20 17:43,2025-03-20 18:36,53,afternoon,3,1,7,37,0
U041,deep_work,2025-03-02 15:49,2025-03-02 17:31,102,afternoon,2,3,7,32,0
U003,admin,2025-03-19 13:08,2025-03-19 13:56,48,afternoon,2,3,3,14,1
U039,admin,2025-02-06 15:25,2025-02-06 16:03,38,afternoon,3,3,3,11,1
U006,admin,2025-01-29 12:54,2025-01-29 14:09,75,afternoon,3,1,6,12,0
U008,creative,2025-02-04 17:36,2025-02-04 18:19,43,afternoon,3,1,5,19,0
U027,creative,2025-04-27 20:04,2025-04-27 21:16,72,night,2,3,5,17,0
U009,admin,2025-02-02 12:50,2025-02-02 13:10,20,afternoon,3,2,3,5,0
U037,admin,2025-03-19 15:41,2025-03-19 16:04,23,afternoon,4,2,2,10,0
U033,deep_work,2025-01-20 11:49,2025-01-20 13:03,74,morning,3,3,3,15,1
U042,admin,2025-03-29 14:42,2025-03-29 15:46,64,afternoon,2,1,9,16,0
U044,admin,2025-04-08 12:49,2025-04-08 13:32,43,afternoon,2,2,4,10,1
U024,deep_work,2025-01-29 07:38,2025-01-29 08:53,75,morning,4,3,4,10,1
U015,admin,2025-04-05 14:49,2025-04-05 15:34,45,afternoon,4,3,6,26,0
U032,admin,2025-01-23 10:37,2025-01-23 11:17,40,morning,4,2,6,25,1
U032,creative,2025-03-25 22:51,2025-03-25 23:41,50,night,4,4,7,24,0
U024,creative,2025-03-21 13:41,2025-03-21 14:13,32,afternoon,3,3,4,15,0
U041,admin,2025-04-29 19:20,2025-04-29 20:21,61,night,5,3,1,1,0
U049,deep_work,2025-01-01 11:31,2025-01-01 13:06,95,morning,5,3,0,0,1
U049,deep_work,2025-04-12 16:46,2025-04-12 19:10,144,afternoon,1,2,3,12,0
U012,creative,2025-03-27 19:00,2025-03-27 20:18,78,night,4,3,3,10,0
U039,creative,2025-02-24 19:42,2025-02-24 20:53,71,night,2,2,8,19,0
U002,deep_work,2025-03-15 17:49,2025-03-15 19:08,79,afternoon,2,2,3,3,0
U003,admin,2025-03-23 12:25,2025-03-23 12:48,23,afternoon,4,3,5,17,1
U049,deep_work,2025-01-08 07:11,2025-01-08 08:35,84,morning,2,2,4,16,0
U037,deep_work,2025-04-01 07:45,2025-04-01 08:46,61,morning,3,1,10,9,0
U049,deep_work,2025-03-09 07:00,2025-03-09 08:46,106,morning,5,4,4,14,1
U017,deep_work,2025-01-19 11:47,2025-01-19 13:57,130,morning,4,4,6,22,0
U049,creative,2025-03-10 12:25,2025-03-10 13:19,54,afternoon,4,3,4,10,0
U002,admin,2025-03-03 15:01,2025-03-03 15:55,54,afternoon,3,1,5,20,0
U002,deep_work,2025-04-24 07:32,2025-04-24 08:44,72,morning,2,3,0,0,0
U028,admin,2025-02-10 18:47,2025-02-10 19:22,35,night,3,3,3,9,0
U023,creative,2025-01-13 12:52,2025-01-13 13:35,43,afternoon,4,3,7,27,0
U037,creative,2025-03-18 18:10,2025-03-18 18:30,20,night,3,2,7,30,0
U032,deep_work,2025-03-09 13:37,2025-03-09 15:06,89,afternoon,3,3,6,25,1
U033,deep_work,2025-04-20 21:37,2025-04-20 23:10,93,night,2,2,10,50,0
U001,deep_work,2025-01-19 17:33,2025-01-19 19:29,116,afternoon,5,4,2,8,1
U019,deep_work,2025-03-23 16:40,2025-03-23 18:29,109,afternoon,4,3,2,5,1
U002,deep_work,2025-01-23 20:44,2025-01-23 22:34,110,night,2,2,10,25,0
U044,admin,2025-03-16 18:23,2025-03-16 18:48,25,night,2,2,3,5,0
U026,deep_work,2025-02-23 07:20,2025-02-23 09:01,101,morning,4,4,2,7,1
U032,deep_work,2025-01-15 07:11,2025-01-15 09:20,129,morning,5,3,2,10,1
U006,deep_work,2025-03-12 11:18,2025-03-12 12:57,99,morning,4,3,6,17,1
U032,deep_work,2025-03-01 11:24,2025-03-01 13:39,135,morning,5,4,5,20,1
U004,deep_work,2025-02-02 12:31,2025-02-02 14:51,140,afternoon,3,3,4,9,0
U011,admin,2025-04-23 14:43,2025-04-23 15:18,35,afternoon,3,1,2,7,1
U017,deep_work,2025-04-12 13:10,2025-04-12 14:22,72,afternoon,4,3,4,21,0
U038,deep_work,2025-04-09 08:01,2025-04-09 09:11,70,morning,4,3,8,36,1
U024,admin,2025-02-15 18:02,2025-02-15 18:19,17,night,2,2,5,5,0
U005,admin,2025-03-26 13:07,2025-03-26 13:39,32,afternoon,2,1,7,30,0
U034,deep_work,2025-02-17 13:05,2025-02-17 15:05,120,afternoon,4,3,6,26,0
U006,deep_work,2025-01-28 22:28,2025-01-28 23:02,34,night,3,3,3,11,0
U022,deep_work,2025-01-26 12:11,2025-01-26 13:15,64,afternoon,3,4,3,13,0
U011,creative,2025-01-05 13:47,2025-01-05 14:44,57,afternoon,2,2,9,20,0
U048,admin,2025-02-06 15:35,2025-02-06 16:01,26,afternoon,4,2,2,7,0
U016,admin,2025-01-15 14:47,2025-01-15 15:19,32,afternoon,4,3,5,25,0
U033,creative,2025-03-28 08:43,2025-03-28 09:32,49,morning,3,2,3,15,0
U009,deep_work,2025-02-12 16:20,2025-02-12 17:43,83,afternoon,3,3,11,47,0
U006,creative,2025-01-23 14:54,2025-01-23 15:39,45,afternoon,2,2,3,6,0
U016,admin,2025-03-21 16:59,2025-03-21 17:26,27,afternoon,4,3,3,5,0
U029,deep_work,2025-01-15 07:35,2025-01-15 09:28,113,morning,3,3,3,11,1
U003,admin,2025-03-16 20:14,2025-03-16 21:09,55,night,5,5,1,3,1
U020,creative,2025-03-09 11:12,2025-03-09 11:44,32,morning,3,2,4,13,0
U036,admin,2025-03-27 20:33,2025-03-27 20:43,10,night,1,1,14,32,0
U019,creative,2025-03-19 22:03,2025-03-19 23:24,81,night,3,2,5,20,0
U026,deep_work,2025-04-22 11:51,2025-04-22 12:50,59,morning,4,3,7,25,0
U003,admin,2025-04-20 14:28,2025-04-20 15:11,43,afternoon,4,1,15,59,0
U019,deep_work,2025-04-21 21:34,2025-04-21 22:24,50,night,3,3,8,35,0
U020,creative,2025-01-08 13:35,2025-01-08 15:00,85,afternoon,2,3,8,24,0
U032,admin,2025-01-30 08:01,2025-01-30 09:19,78,morning,4,3,5,13,0
U007,deep_work,2025-02-18 11:03,2025-02-18 12:37,94,morning,4,3,4,20,0
U041,deep_work,2025-03-31 07:29,2025-03-31 08:56,87,morning,2,2,4,9,0
U033,deep_work,2025-03-16 15:09,2025-03-16 16:30,81,afternoon,5,3,4,11,1
U040,deep_work,2025-02-08 16:30,2025-02-08 18:19,109,afternoon,2,3,4,21,0
U039,deep_work,2025-03-12 07:41,2025-03-12 09:25,104,morning,5,3,4,10,1
U018,admin,2025-03-02 08:55,2025-03-02 09:50,55,morning,4,2,6,20,0
U040,admin,2025-02-05 15:03,2025-02-05 15:33,30,afternoon,4,2,1,2,0
U001,admin,2025-04-28 17:00,2025-04-28 17:45,45,afternoon,4,3,3,2,0
U011,creative,2025-02-13 11:41,2025-02-13 12:30,49,morning,4,3,3,9,1
U028,admin,2025-02-16 20:12,2025-02-16 20:36,24,night,3,2,8,15,0
U025,admin,2025-04-29 17:53,2025-04-29 18:32,39,afternoon,3,2,10,38,1
U050,creative,2025-01-21 21:08,2025-01-21 21:49,41,night,3,3,2,10,0
U023,deep_work,2025-01-26 12:14,2025-01-26 14:13,119,afternoon,3,3,3,0,1
U031,deep_work,2025-01-10 08:56,2025-01-10 10:04,68,morning,3,4,3,8,1
U030,deep_work,2025-02-11 12:25,2025-02-11 14:04,99,afternoon,5,3,3,12,1
U042,deep_work,2025-04-01 11:03,2025-04-01 12:17,74,morning,3,3,3,0,0
U035,deep_work,2025-02-19 09:35,2025-02-19 11:11,96,morning,4,3,8,44,0
U007,deep_work,2025-03-01 08:24,2025-03-01 09:40,76,morning,4,3,2,8,1
U016,creative,2025-01-18 14:35,2025-01-18 15:09,34,afternoon,3,3,3,15,0
U026,creative,2025-03-15 18:54,2025-03-15 20:03,69,night,3,3,9,23,0
U048,deep_work,2025-04-24 11:46,2025-04-24 13:10,84,morning,4,4,2,5,1
U049,deep_work,2025-02-18 09:43,2025-02-18 11:20,97,morning,3,2,6,19,0
U002,deep_work,2025-04-08 07:54,2025-04-08 09:13,79,morning,4,4,2,13,0
U001,admin,2025-01-21 07:21,2025-01-21 07:41,20,morning,3,1,7,38,1
U048,admin,2025-02-17 16:14,2025-02-17 17:10,56,afternoon,4,2,9,33,0
U012,creative,2025-02-04 15:06,2025-02-04 16:20,74,afternoon,3,3,3,11,1
U005,deep_work,2025-02-01 14:09,2025-02-01 15:24,75,afternoon,3,3,4,17,0
U037,creative,2025-03-14 17:12,2025-03-14 18:13,61,afternoon,4,3,5,35,1
U032,creative,2025-02-26 17:24,2025-02-26 18:44,80,afternoon,3,1,4,16,0
U009,deep_work,2025-01-02 14:06,2025-01-02 15:24,78,afternoon,4,4,2,7,0
U041,creative,2025-03-26 13:02,2025-03-26 13:55,53,afternoon,2,2,8,23,0
U035,admin,2025-02-11 17:38,2025-02-11 18:21,43,afternoon,5,3,2,7,0
U019,admin,2025-02-10 12:10,2025-02-10 12:43,33,afternoon,3,1,9,23,1
U048,admin,2025-04-13 15:45,2025-04-13 16:37,52,afternoon,2,1,5,21,1
U016,creative,2025-01-19 21:25,2025-01-19 22:21,56,night,2,2,7,9,0
U003,admin,2025-04-12 08:31,2025-04-12 08:59,28,morning,3,2,8,24,0
U020,creative,2025-02-08 11:45,2025-02-08 12:57,72,morning,3,1,9,41,0
U024,creative,2025-02-05 22:32,2025-02-05 23:09,37,night,3,3,7,28,0
U033,admin,2025-02-05 09:08,2025-02-05 10:18,70,morning,5,3,6,16,0
U024,creative,2025-01-08 18:58,2025-01-08 20:29,91,night,2,2,3,9,0
U011,admin,2025-03-11 12:38,2025-03-11 13:25,47,afternoon,3,1,4,20,0
U049,admin,2025-03-09 22:48,2025-03-09 23:34,46,night,1,2,6,10,0
U008,admin,2025-03-01 13:59,2025-03-01 14:44,45,afternoon,3,1,6,10,0
U036,deep_work,2025-01-05 15:26,2025-01-05 16:43,77,afternoon,1,2,4,8,0
U038,admin,2025-02-01 22:07,2025-02-01 22:51,44,night,2,2,7,24,0
U040,admin,2025-04-12 13:02,2025-04-12 13:28,26,afternoon,4,2,4,5,0
U020,admin,2025-04-28 21:57,2025-04-28 22:44,47,night,2,2,9,44,0
U035,creative,2025-01-03 08:22,2025-01-03 09:39,77,morning,4,2,4,8,1
U048,deep_work,2025-02-13 08:37,2025-02-13 09:57,80,morning,3,3,2,7,1
U025,admin,2025-03-22 09:33,2025-03-22 10:04,31,morning,5,4,4,10,0
U035,admin,2025-03-28 17:51,2025-03-28 18:12,21,afternoon,5,3,5,17,1
U025,creative,2025-01-08 10:57,2025-01-08 12:26,89,morning,4,4,3,3,1
U029,admin,2025-02-05 16:12,2025-02-05 16:44,32,afternoon,5,4,2,10,1
U018,creative,2025-04-03 18:54,2025-04-03 19:50,56,night,3,2,4,8,0
U046,creative,2025-03-21 19:29,2025-03-21 20:35,66,night,3,2,5,9,0
U018,deep_work,2025-02-24 10:16,2025-02-24 11:53,97,morning,5,4,6,42,0
U002,deep_work,2025-01-16 15:07,2025-01-16 16:55,108,afternoon,3,3,3,12,0
U035,admin,2025-03-25 14:15,2025-03-25 14:49,34,afternoon,2,1,6,29,1
U016,deep_work,2025-01-30 11:22,2025-01-30 12:23,61,morning,5,4,4,16,1
U041,deep_work,2025-04-02 09:39,2025-04-02 10:36,57,morning,3,3,3,8,0
U036,admin,2025-04-28 16:19,2025-04-28 16:50,31,afternoon,3,1,10,15,0
U033,deep_work,2025-04-14 15:00,2025-04-14 16:06,66,afternoon,3,3,6,18,0
U004,admin,2025-01-30 16:19,2025-01-30 16:54,35,afternoon,4,2,6,12,0
U033,admin,2025-03-11 17:17,2025-03-11 18:16,59,afternoon,3,3,4,8,0
U014,admin,2025-03-13 07:52,2025-03-13 08:26,34,morning,4,2,8,9,0
U021,admin,2025-01-16 10:37,2025-01-16 11:11,34,morning,3,2,3,11,0
U048,admin,2025-04-26 08:13,2025-04-26 08:52,39,morning,4,3,3,17,0
U020,deep_work,2025-02-05 18:22,2025-02-05 19:41,79,night,3,4,2,8,1
U008,admin,2025-04-24 11:01,2025-04-24 11:39,38,morning,5,3,5,16,0
U007,admin,2025-04-15 11:01,2025-04-15 11:49,48,morning,5,3,4,13,0
U003,creative,2025-04-01 12:08,2025-04-01 13:25,77,afternoon,4,2,2,0,1
U017,admin,2025-03-06 14:02,2025-03-06 14:57,55,afternoon,4,4,4,11,0
U033,creative,2025-02-21 19:03,2025-02-21 20:44,101,night,5,4,5,6,1
U048,admin,2025-03-23 17:34,2025-03-23 18:22,48,afternoon,3,2,6,22,0
U012,deep_work,2025-01-22 14:14,2025-01-22 16:39,145,afternoon,4,4,4,12,1
U022,creative,2025-03-27 15:36,2025-03-27 16:20,44,afternoon,4,3,9,19,0
U022,deep_work,2025-04-26 08:11,2025-04-26 10:33,142,morning,5,4,1,3,1
U046,deep_work,2025-04-21 18:41,2025-04-21 20:01,80,night,1,2,10,36,1
U030,deep_work,2025-02-07 13:44,2025-02-07 15:06,82,afternoon,2,2,7,40,0
U038,admin,2025-02-04 17:23,2025-02-04 18:01,38,afternoon,3,2,5,22,0
U038,admin,2025-04-16 17:13,2025-04-16 17:49,36,afternoon,4,2,3,11,0
U045,deep_work,2025-01-06 14:15,2025-01-06 15:47,92,afternoon,4,4,1,2,0
U008,creative,2025-01-07 15:13,2025-01-07 16:01,48,afternoon,4,3,3,5,1
U027,deep_work,2025-03-14 22:34,2025-03-15 00:24,110,night,2,3,2,8,0
U027,deep_work,2025-03-07 20:01,2025-03-07 21:17,76,night,3,3,2,6,1
U034,deep_work,2025-02-04 13:13,2025-02-04 14:59,106,afternoon,4,3,1,3,0
U021,deep_work,2025-01-20 13:09,2025-01-20 15:17,128,afternoon,5,5,2,9,1
U030,admin,2025-01-25 08:24,2025-01-25 08:58,34,morning,4,2,5,6,0
U033,admin,2025-02-23 12:35,2025-02-23 13:26,51,afternoon,3,2,7,39,0
U028,admin,2025-04-05 07:45,2025-04-05 08:33,48,morning,4,3,5,24,0
U047,deep_work,2025-03-21 11:51,2025-03-21 14:17,146,morning,4,4,3,1,1
U033,deep_work,2025-01-03 20:40,2025-01-03 21:57,77,night,1,2,7,49,0
U005,deep_work,2025-01-06 07:12,2025-01-06 09:01,109,morning,4,4,1,3,1
U048,creative,2025-04-27 13:07,2025-04-27 13:34,27,afternoon,3,2,4,11,0
U019,deep_work,2025-01-21 08:03,2025-01-21 09:20,77,morning,3,4,0,0,0
U004,admin,2025-01-25 10:44,2025-01-25 11:29,45,morning,5,3,2,8,0
U035,creative,2025-03-01 21:31,2025-03-01 22:58,87,night,2,2,7,14,1
U049,admin,2025-04-06 10:12,2025-04-06 10:33,21,morning,4,2,3,12,0
U017,creative,2025-01-31 10:17,2025-01-31 11:32,75,morning,4,2,9,20,0
U044,deep_work,2025-04-03 10:05,2025-04-03 11:33,88,morning,4,4,1,6,1
U028,creative,2025-02-01 22:42,2025-02-01 23:11,29,night,3,4,2,7,0
U030,admin,2025-01-02 15:22,2025-01-02 16:04,42,afternoon,2,1,6,26,0
U029,admin,2025-03-24 09:04,2025-03-24 10:09,65,morning,4,3,5,11,0
U046,deep_work,2025-03-24 08:09,2025-03-24 09:10,61,morning,5,4,3,14,1
U006,deep_work,2025-03-30 08:10,2025-03-30 09:37,87,morning,2,2,3,10,0
U035,deep_work,2025-02-19 16:30,2025-02-19 17:35,65,afternoon,3,4,2,2,1
U041,admin,2025-02-25 12:22,2025-02-25 12:54,32,afternoon,4,2,7,21,0
U037,creative,2025-03-24 12:34,2025-03-24 14:02,88,afternoon,4,2,7,44,0
U024,admin,2025-01-21 12:27,2025-01-21 13:02,35,afternoon,4,2,5,23,0
U029,deep_work,2025-03-03 09:06,2025-03-03 11:11,125,morning,2,3,4,11,1
U049,creative,2025-03-21 21:32,2025-03-21 22:54,82,night,3,3,2,1,1
U046,deep_work,2025-01-04 10:38,2025-01-04 11:58,80,morning,3,3,4,9,0
U031,deep_work,2025-02-09 07:36,2025-02-09 08:53,77,morning,4,3,3,4,0
U035,deep_work,2025-04-13 10:51,2025-04-13 11:58,67,morning,4,4,2,1,1
U033,admin,2025-04-03 15:35,2025-04-03 16:01,26,afternoon,5,1,8,37,0
U021,deep_work,2025-02-07 13:36,2025-02-07 15:14,98,afternoon,4,3,5,17,0
U032,admin,2025-04-26 17:34,2025-04-26 18:13,39,afternoon,3,2,5,30,1
U023,creative,2025-01-07 20:27,2025-01-07 21:14,47,night,1,2,7,14,0
U033,deep_work,2025-03-27 17:06,2025-03-27 17:57,51,afternoon,3,4,4,13,0
U003,admin,2025-04-11 16:21,2025-04-11 17:02,41,afternoon,4,2,8,11,0
U018,deep_work,2025-01-05 08:26,2025-01-05 09:44,78,morning,4,4,4,10,1
U025,deep_work,2025-01-21 17:37,2025-01-21 19:02,85,afternoon,3,3,5,15,0
U042,admin,2025-03-20 16:09,2025-03-20 16:53,44,afternoon,3,2,3,8,1
U031,deep_work,2025-03-28 08:55,2025-03-28 09:25,30,morning,4,4,4,14,1
U003,admin,2025-02-08 22:00,2025-02-08 22:17,17,night,3,2,5,24,0
U040,admin,2025-01-13 11:25,2025-01-13 12:39,74,morning,5,4,6,28,1
U046,admin,2025-04-24 11:20,2025-04-24 11:52,32,morning,3,2,10,23,0
U024,admin,2025-02-22 13:36,2025-02-22 13:46,10,afternoon,4,2,3,10,0
U050,admin,2025-02-14 21:16,2025-02-14 21:34,18,night,2,2,9,42,0
U032,admin,2025-04-09 07:59,2025-04-09 09:16,77,morning,4,2,7,35,0
U047,admin,2025-01-11 11:51,2025-01-11 12:20,29,morning,4,3,10,25,1
U022,deep_work,2025-02-24 11:25,2025-02-24 13:23,118,morning,4,3,4,18,0
U023,deep_work,2025-03-09 08:51,2025-03-09 10:24,93,morning,4,4,1,3,1
U002,creative,2025-04-22 10:17,2025-04-22 11:07,50,morning,3,3,8,15,0
U027,admin,2025-04-14 14:40,2025-04-14 15:31,51,afternoon,2,3,8,37,0
U042,deep_work,2025-04-03 10:28,2025-04-03 10:58,30,morning,5,5,1,3,1
U002,admin,2025-02-07 08:20,2025-02-07 08:38,18,morning,4,2,5,4,0
U026,deep_work,2025-02-11 11:48,2025-02-11 13:05,77,morning,4,4,5,15,1
U017,creative,2025-04-15 07:55,2025-04-15 08:28,33,morning,5,3,3,10,1
U040,deep_work,2025-01-09 07:00,2025-01-09 08:15,75,morning,4,4,4,10,1
U033,deep_work,2025-01-02 10:47,2025-01-02 12:38,111,morning,4,3,1,5,1
U009,deep_work,2025-01-29 12:09,2025-01-29 13:42,93,afternoon,4,3,5,26,0
U043,admin,2025-04-24 08:59,2025-04-24 09:58,59,morning,2,1,8,23,0
